Target,SearchTerm1,SearchTerm2,SearchTerm3,SearchTerm4,SearchTerm5,SearchTerm6,SearchTerm7,SearchTerm8,SearchTerm9,SearchTerm10
Alsike Clover,Alsike Clover,Trifolium hybridum,,,,,,,,
Birds Foot Trefoil,Birds Foot Trefoil,Lotus corniculatus,,,,,,,,
Black Knapweed,Black Knapweed,Centaurea nigra,Centaurea debeauxii,,,,,,,
Black Medick,Black Medick,Medicago lupulina,,,,,,,,
Common Vetch,Common Vetch,Vicia sativa,,,,,,,,
Lucerne,Lucerne Flower,Medicago sativa,Alfalfa Flower,,,,,,,
Musk Mallow,Musk Mallow,Malva moschata,,,,,,,,
Oxeye Daisy,Oxeye Daisy,Leucanthemum vulgare,,,,,,,,
Phacelia,Phacelia,Phacelia tanacetifolia,,,,,,,,
Red Campion,Red Campion,Silene dioica,,,,,,,,
Red Clover,Red Clover,Trifolium pratense,,,,,,,,
Sainfoin,Sainfoin,Onobrychis viciifolia,,,,,,,,
White Campion,White Campion,Silene latifolia,,,,,,,,
White Clover,White Clover,Trifolium repens,,,,,,,,
Wild Carrot,Wild Carrot,Daucus carota,,,,,,,,
Yarrow,Yarrow,Achillea millefolium,,,,,,,,
Crimson Clover,Crimson Clover,Trifolium incarnatum,,,,,,,,